"File","Hash"
"cpd_component_signed.bin","FF2C36CC81A5C726508B22970C2E2538FF06107DC5A72C93401403C227E5157F"
"iacamera64.sys","3A92F0C648D1C8F7BE3890C47C7B509A300405E22B64B519668FFBFD0D474F9E"
"iactrllogic64.sys","64275A1C50C548CBB3F4D5EF037E7090EB0B443C433A41D72F7FA2A653DF8405"
"iaisp64.sys","3C4F05C8234E5845284E209CA2C340B114BE73F813F5E732E57E70FF27228617"
"ov5693.sys","B7EFFA768E5E36BB3E0E3DFA5D25F70173C98D34251694570733AE23AE6F0D0D"
"OV5693_13P2BA540_CNL.cpf","3B6C135B4F71F57F9106140937699627771B558D23924BECDC8E067F315B2938"
"OV5693_13P2BA540_CNL_pipeCfg.bin","0D9BD016DF0341DBF1FCD715110D757266540832481C755B068F64F7A7A28F5E"
"OV5693_13P2BA540_ICL.cpf","3B6C135B4F71F57F9106140937699627771B558D23924BECDC8E067F315B2938"
"OV5693_13P2BA540_ICL_pipeCfg.bin","0D9BD016DF0341DBF1FCD715110D757266540832481C755B068F64F7A7A28F5E"
"OV5693_MSHW0190_ICL.cpf","76140CE850AAE4CBFBD49FB43516546183B53BE841C6FDEE03DE8371F5AC6119"
"OV5693_MSHW0190_ICL_pipeCfg.bin","653E491E4A1D15F25191942F2273F3261E3B150132A4D8EEBBCA4246FD3BF43D"
"OV5693_MSHW0200_ICL.cpf","76140CE850AAE4CBFBD49FB43516546183B53BE841C6FDEE03DE8371F5AC6119"
"OV5693_MSHW0200_ICL_pipeCfg.bin","653E491E4A1D15F25191942F2273F3261E3B150132A4D8EEBBCA4246FD3BF43D"
"OV5693_MSHW0210_ICL.cpf","A2C867BBE5CDE4F24DF4EF8D852B0B0F8839B7CD57A45798681D5F1656164030"
"OV5693_MSHW0210_ICL_pipeCfg.bin","653E491E4A1D15F25191942F2273F3261E3B150132A4D8EEBBCA4246FD3BF43D"
"ov7251.sys","201D52F2A1D9441CA20B0A7801EC450276E9161A9AA5617FCC165941C74F0D39"
"OV7251_6SF002T2_CNL.cpf","5DEE62006BB983B127252DB434FABAC4E3768C553A97C161EEDCA681B398E68A"
"OV7251_6SF002T2_CNL_pipeCfg.bin","E11C7B59404EBD2664032B16A6BA1A2946FB483D427793E518E469A63952C2C0"
"OV7251_MSHW0173_ICL.cpf","B24EE106571FEE30F4A1184043F92F7A52CC342B354BF742947978E77F3D7637"
"OV7251_MSHW0173_ICL_pipeCfg.bin","B9F85CC9987A6B13A1CFF0BE63F0C07C6D861ECBF093C0FC25CD6C4A73016A68"
"OV7251_MSHW0192_ICL.cpf","45BAF159F447AA38468FB7801A4EB9412BDAD7C12767744EED1F10785A77E68E"
"OV7251_MSHW0192_ICL_pipeCfg.bin","84B74B8BC8CCE17AE327FB4373CC7D3A36EA569CE41B80109595DF35BA538E8E"
"OV7251_MSHW0202_ICL.cpf","D643229A2A953663FF7D4B443306127D9F5F5D99DD71C794C8AEDC47FD55A894"
"OV7251_MSHW0202_ICL_pipeCfg.bin","84B74B8BC8CCE17AE327FB4373CC7D3A36EA569CE41B80109595DF35BA538E8E"
"OV7251_MSHW0212_ICL.cpf","D643229A2A953663FF7D4B443306127D9F5F5D99DD71C794C8AEDC47FD55A894"
"OV7251_MSHW0212_ICL_pipeCfg.bin","84B74B8BC8CCE17AE327FB4373CC7D3A36EA569CE41B80109595DF35BA538E8E"
"ov8865.sys","9C52D750EBA2F72BDD38BCAF950DA7F1128D5235223091D98DAD2CC7146716FA"
"OV8865_MSHW0191_ICL.aiqb","2F0F68007D9AD2191730D9474FC18980F4B1495857FE84F187A24640A92ED6F1"
"OV8865_MSHW0191_ICL.cpf","3F9B2BB969214936D4AB2C62DA945E743243758133C99D0B513E343C5960F727"
"OV8865_MSHW0191_ICL_pipeCfg.bin","AD576AA3EF63AC78C9DE8049BF0FBA958624DA21B0889511EECE9822086B0269"
"OV8865_MSHW0201_ICL.aiqb","C22FD20A9467162D10C5FBB4D5D3709CCA041EB2DCF55963EDA05E17EFDBFE5D"
"OV8865_MSHW0201_ICL.cpf","DEC4CE50BD3963216B69644058EEBD9BFE500560840AD9DE25AB0FD1701B84B8"
"OV8865_MSHW0201_ICL_pipeCfg.bin","AD576AA3EF63AC78C9DE8049BF0FBA958624DA21B0889511EECE9822086B0269"
"OV8865_MSHW0211_ICL.aiqb","2F0F68007D9AD2191730D9474FC18980F4B1495857FE84F187A24640A92ED6F1"
"OV8865_MSHW0211_ICL.cpf","3F9B2BB969214936D4AB2C62DA945E743243758133C99D0B513E343C5960F727"
"OV8865_MSHW0211_ICL_pipeCfg.bin","AD576AA3EF63AC78C9DE8049BF0FBA958624DA21B0889511EECE9822086B0269"
"OV8865_XXX_CNL.cpf","E35EC3A115CBF956108F7CE32D4B424FBE7CB75A0A3F090D640E3A501AE2FE48"
"OV8865_XXX_CNL_pipeCfg.bin","259840312595B5B1587A615F0E06F1CEACEF099428C90CA2A2E66D45CA435854"
"TPG1_INTEL.cpf","E35EC3A115CBF956108F7CE32D4B424FBE7CB75A0A3F090D640E3A501AE2FE48"
"TPG1_INTEL_IPU_pipeCfg.bin","903CF013F9CF681FEE231F5D8F8594CA7D91DB5CFF2E0FB3F70C29748314365B"
"TPG2_INTEL.cpf","E35EC3A115CBF956108F7CE32D4B424FBE7CB75A0A3F090D640E3A501AE2FE48"
"TPG2_INTEL_IPU_pipeCfg.bin","806612768A486680D36D77BB8AC39C125C34A0DF44520F6ED1827A773941B1FE"
